-- DELETE FROM ocupacao;
-- DELETE FROM sensor;
-- DELETE FROM rua;
-- DELETE FROM usuario;

 INSERT INTO usuario (usu_nick, usu_nome, usu_email, usu_senha)
  VALUES
   (
     'admin',
     'Administrador',
     'admin@hotmail.com',
     'admin123'
   );
  
INSERT INTO `rua` (`rua_id`, `rua_estado`, `rua_nome`, `rua_bairro`, `rua_cidade`,`rua_uf`, `rua_qtdVagas`)
VALUES
  ('PP1', 'D', 'Rua José Bongiovani', 'Jardim Novo Bongiovani', 'Presidente Prudente', 'SP', 3),
  ('PP2', 'D', 'Rua Joaquim Nabuco', 'Vila Marcondes', 'Presidente Prudente', 'SP', 6),
  ('PP3', 'D', 'Rua Rui Barbosa', 'Bosque', 'Presidente Prudente', 'SP', 10),
  ('PP4', 'D', 'Rua Alvino Gomes Teixeira', 'Parque Cedral', 'Presidente Prudente', 'SP', 8),
  ('PP5', 'D', 'Rua Tenente Nicolau Maffei', 'Vila Geni', 'Presidente Prudente', 'SP', 14),
  ('PP6', 'D', 'Rua Felício Tarabai', 'Jardim Itaipu', 'Presidente Prudente', 'SP', 7);

 INSERT INTO `sensor` (`sen_estado`, `sen_ladoPos`,`rua_id`)
 VALUES
  ('D', 'R1', 'PP1'),
  ('D', 'R2', 'PP1'),
  ('D', 'R3', 'PP1'),
  ('D', 'R1', 'PP2'),
  ('D', 'R2', 'PP2'),
  ('D', 'R3', 'PP2'),
  ('D', 'R4', 'PP2'),
  ('D', 'R5', 'PP2'),
  ('D', 'R6', 'PP2'),
  ('D', 'L1', 'PP2'),
  ('D', 'L2', 'PP2'),
  ('D', 'L3', 'PP2');


 INSERT INTO `ocupacao` (`ocp_dtInicio`, `ocp_dtFim`, `ocp_tempo`, `sen_id`)
 VALUES
   ('2024-10-01 08:00:00', '2024-10-01 09:30:00', 5400, 1),
   ('2024-10-01 10:00:00', '2024-10-01 11:00:00', 3600, 1),
   ('2024-10-02 14:00:00', '2024-10-02 15:30:00', 5400, 1),
   ('2024-10-03 12:00:00', '2024-10-03 13:00:00', 3600, 1),
   ('2024-10-04 09:00:00', '2024-10-04 10:30:00', 5400, 1),
   ('2024-10-05 18:00:00', '2024-10-05 19:00:00', 3600, 1),

   ('2024-10-01 09:30:00', '2024-10-01 11:00:00', 5400, 2),
   ('2024-10-02 16:00:00', '2024-10-02 17:00:00', 3600, 2),
   ('2024-10-03 14:00:00', '2024-10-03 15:30:00', 5400, 2),
   ('2024-10-04 11:00:00', '2024-10-04 12:00:00', 3600, 2),
   ('2024-10-05 10:00:00', '2024-10-05 11:30:00', 5400, 2),
   ('2024-10-06 15:00:00', '2024-10-06 16:00:00', 3600, 2),

   ('2024-10-01 07:00:00', '2024-10-01 09:00:00', 7200, 3),
   ('2024-10-03 08:30:00', '2024-10-03 10:00:00', 5400, 3),
   ('2024-10-04 13:00:00', '2024-10-04 14:30:00', 5400, 3),
   ('2024-10-05 12:00:00', '2024-10-05 13:30:00', 5400, 3),
   ('2024-10-06 11:00:00', '2024-10-06 12:00:00', 3600, 3),
   ('2024-10-07 16:00:00', '2024-10-07 17:00:00', 3600, 3),

  ('2024-10-08 16:00:00', '2024-10-08 17:30:00', 5400, 4),
  ('2024-10-09 21:30:00', '2024-10-09 22:30:00', 3600, 4),
  ('2024-10-10 22:00:00', '2024-10-10 23:00:00', 3600, 4),
  ('2024-10-11 20:30:00', '2024-10-11 21:30:00', 3600, 4),
  ('2024-10-12 21:00:00', '2024-10-12 22:30:00', 5400, 4),
  ('2024-10-13 15:30:00', '2024-10-13 16:30:00', 3600, 4),

  ('2024-10-08 15:00:00', '2024-10-08 16:30:00', 5400, 5),
  ('2024-10-09 17:00:00', '2024-10-09 18:00:00', 3600, 5),
  ('2024-10-10 19:30:00', '2024-10-10 20:30:00', 3600, 5),
  ('2024-10-11 16:00:00', '2024-10-11 17:30:00', 5400, 5),
  ('2024-10-12 18:30:00', '2024-10-12 20:00:00', 5400, 5),
  ('2024-10-13 18:00:00', '2024-10-13 19:30:00', 5400, 5),

  ('2024-10-08 14:00:00', '2024-10-08 15:00:00', 3600, 6),
  ('2024-10-09 14:00:00', '2024-10-09 15:00:00', 3600, 6),
  ('2024-10-10 19:00:00', '2024-10-10 20:30:00', 5400, 6),
  ('2024-10-11 20:00:00', '2024-10-11 21:30:00', 5400, 6),
  ('2024-10-12 18:00:00', '2024-10-12 19:00:00', 3600, 6),
  ('2024-10-13 17:30:00', '2024-10-13 18:30:00', 3600, 6);
